[
    {
        "Вариант": 1,
        "Доверительная вероятность": "0.95",
        "Данные": [
            "18.3",
            "15.5",
            "24.5",
            "24.7",
            "18.0",
            "13.3",
            "15.4",
            "10.1",
            "23.1",
            "19.3",
            "5.7",
            "11.6",
            "14.3",
            "-4.5",
            "20.3",
            "32.3"
        ]
    },
    {
        "Вариант": 2,
        "Доверительная вероятность": "0.999",
        "Данные": [
            "8.0",
            "-1.1",
            "13.5",
            "10.0",
            "2.4",
            "4.1",
            "20.0",
            "12.4",
            "13.4",
            "4.8",
            "7.8",
            "0.0",
            "10.9",
            "13.7",
            "6.6"
        ]
    },
    {
        "Вариант": 3,
        "Доверительная вероятность": "0.95",
        "Данные": [
            "31.6",
            "34.9",
            "46.9",
            "42.8",
            "36.0",
            "26.2",
            "28.6",
            "48.5",
            "27.7",
            "45.8",
            "32.0",
            "41.2",
            "39.8",
            "33.1",
            "36.3",
            "53.5",
            "43.9",
            "35.8",
            "32.9",
            "34.4"
        ]
    },
    {
        "Вариант": 4,
        "Доверительная вероятность": "0.999",
        "Данные": [
            "25.4",
            "31.1",
            "13.2",
            "23.0",
            "19.1",
            "26.5",
            "23.2",
            "29.2",
            "24.8",
            "26.6",
            "29.3",
            "21.4",
            "28.2",
            "38.2",
            "19.9",
            "30.6",
            "24.5",
            "23.2"
        ]
    },
    {
        "Вариант": 5,
        "Доверительная вероятность": "0.95",
        "Данные": [
            "10.5",
            "5.5",
            "12.6",
            "27.0",
            "25.0",
            "31.2",
            "15.9",
            "15.3",
            "17.4",
            "32.8",
            "30.3",
            "9.5",
            "17.7",
            "16.4",
            "15.9"
        ]
    },
    {
        "Вариант": 6,
        "Доверительная вероятность": "0.999",
        "Данные": [
            "13.5",
            "10.7",
            "25.2",
            "10.8",
            "21.6",
            "0.8",
            "1.4",
            "17.1",
            "0.6",
            "12.0",
            "-4.5",
            "2.2",
            "11.0",
            "22.9",
            "4.7",
            "9.5"
        ]
    },
    {
        "Вариант": 7,
        "Доверительная вероятность": "0.999",
        "Данные": [
            "9.4",
            "21.2",
            "9.3",
            "9.7",
            "14.4",
            "5.8",
            "18.7",
            "8.2",
            "13.4",
            "6.5",
            "17.2",
            "5.9",
            "2.2",
            "5.0",
            "3.3",
            "15.6"
        ]
    },
    {
        "Вариант": 8,
        "Доверительная вероятность": "0.99",
        "Данные": [
            "18.6",
            "30.6",
            "29.4",
            "32.1",
            "23.1",
            "32.5",
            "32.9",
            "27.7",
            "32.5",
            "38.4",
            "27.9",
            "19.6",
            "27.5",
            "31.9",
            "42.9",
            "32.9",
            "33.6",
            "25.8",
            "39.9",
            "48.9"
        ]
    },
    {
        "Вариант": 9,
        "Доверительная вероятность": "0.99",
        "Данные": [
            "33.4",
            "34.7",
            "39.3",
            "30.9",
            "25.9",
            "40.2",
            "32.7",
            "44.1",
            "36.1",
            "41.7",
            "37.0",
            "28.6",
            "44.4",
            "33.2",
            "41.7",
            "35.3",
            "41.5",
            "43.6"
        ]
    },
    {
        "Вариант": 10,
        "Доверительная вероятность": "0.99",
        "Данные": [
            "24.0",
            "13.4",
            "22.4",
            "-1.2",
            "19.3",
            "1.3",
            "22.7",
            "16.7",
            "10.9",
            "28.1",
            "23.3",
            "28.5",
            "22.6",
            "3.4",
            "2.4"
        ]
    },
    {
        "Вариант": 11,
        "Доверительная вероятность": "0.99",
        "Данные": [
            "22.2",
            "35.1",
            "26.0",
            "26.3",
            "26.7",
            "33.4",
            "31.5",
            "26.5",
            "30.1",
            "35.5",
            "28.4",
            "16.9",
            "28.3",
            "29.1",
            "37.9",
            "16.9",
            "36.6",
            "29.7",
            "30.9"
        ]
    },
    {
        "Вариант": 12,
        "Доверительная вероятность": "0.95",
        "Данные": [
            "37.8",
            "40.8",
            "18.6",
            "32.3",
            "44.6",
            "49.0",
            "42.5",
            "43.3",
            "40.2",
            "35.1",
            "39.8",
            "43.3",
            "45.7",
            "46.2",
            "41.6"
        ]
    },
    {
        "Вариант": 13,
        "Доверительная вероятность": "0.95",
        "Данные": [
            "33.8",
            "31.4",
            "18.4",
            "32.8",
            "22.7",
            "16.6",
            "39.1",
            "34.5",
            "34.3",
            "37.7",
            "34.0",
            "29.3",
            "30.9",
            "26.0",
            "6.5",
            "33.7",
            "29.7"
        ]
    },
    {
        "Вариант": 14,
        "Доверительная вероятность": "0.999",
        "Данные": [
            "24.4",
            "12.8",
            "35.2",
            "11.0",
            "17.5",
            "17.2",
            "23.1",
            "16.3",
            "13.6",
            "18.3",
            "10.4",
            "11.5",
            "28.4",
            "6.0",
            "-0.1",
            "19.2"
        ]
    },
    {
        "Вариант": 15,
        "Доверительная вероятность": "0.99",
        "Данные": [
            "36.9",
            "31.1",
            "18.4",
            "40.7",
            "29.5",
            "44.7",
            "48.7",
            "26.5",
            "19.4",
            "40.5",
            "33.6",
            "34.1",
            "44.6",
            "29.5",
            "43.5",
            "43.5",
            "24.8",
            "38.0"
        ]
    },
    {
        "Вариант": 16,
        "Доверительная вероятность": "0.999",
        "Данные": [
            "9.4",
            "12.6",
            "12.3",
            "1.7",
            "6.3",
            "10.2",
            "9.2",
            "3.0",
            "20.3",
            "21.1",
            "17.1",
            "7.3",
            "9.3",
            "5.9",
            "8.0"
        ]
    },
    {
        "Вариант": 17,
        "Доверительная вероятность": "0.99",
        "Данные": [
            "18.1",
            "30.8",
            "22.0",
            "8.6",
            "19.9",
            "20.6",
            "27.0",
            "20.5",
            "23.1",
            "22.7",
            "0.5",
            "30.8",
            "2.1",
            "18.0",
            "20.7",
            "28.5",
            "11.4",
            "4.2",
            "22.2",
            "8.6"
        ]
    },
    {
        "Вариант": 18,
        "Доверительная вероятность": "0.95",
        "Данные": [
            "31.1",
            "32.5",
            "45.1",
            "22.6",
            "34.3",
            "25.8",
            "37.9",
            "49.8",
            "48.7",
            "42.8",
            "37.4",
            "32.3",
            "32.6",
            "37.4",
            "33.2",
            "42.7",
            "36.3",
            "47.6"
        ]
    },
    {
        "Вариант": 19,
        "Доверительная вероятность": "0.99",
        "Данные": [
            "15.5",
            "19.9",
            "12.9",
            "18.3",
            "9.3",
            "11.9",
            "13.5",
            "10.3",
            "14.8",
            "15.9",
            "22.2",
            "15.1",
            "22.5",
            "17.0",
            "18.8",
            "5.5",
            "6.4",
            "17.0"
        ]
    },
    {
        "Вариант": 20,
        "Доверительная вероятность": "0.95",
        "Данные": [
            "32.9",
            "44.1",
            "35.6",
            "29.7",
            "35.5",
            "28.6",
            "43.6",
            "35.3",
            "24.2",
            "26.9",
            "37.4",
            "42.9",
            "32.0",
            "35.8",
            "38.6",
            "43.8",
            "28.5"
        ]
    },
    {
        "Вариант": 21,
        "Доверительная вероятность": "0.99",
        "Данные": [
            "28.0",
            "27.4",
            "24.7",
            "25.5",
            "24.2",
            "31.0",
            "21.1",
            "30.1",
            "19.7",
            "23.9",
            "22.2",
            "20.7",
            "31.9",
            "27.6",
            "21.6"
        ]
    },
    {
        "Вариант": 22,
        "Доверительная вероятность": "0.999",
        "Данные": [
            "7.8",
            "24.2",
            "15.5",
            "18.9",
            "23.3",
            "10.3",
            "17.9",
            "13.1",
            "8.7",
            "25.8",
            "8.9",
            "16.4",
            "10.1",
            "9.6",
            "21.4"
        ]
    },
    {
        "Вариант": 23,
        "Доверительная вероятность": "0.999",
        "Данные": [
            "35.5",
            "38.4",
            "35.4",
            "31.4",
            "29.3",
            "38.3",
            "27.9",
            "35.6",
            "35.6",
            "36.7",
            "31.4",
            "34.7",
            "34.9",
            "27.7",
            "25.6",
            "32.5",
            "31.7",
            "31.8"
        ]
    },
    {
        "Вариант": 24,
        "Доверительная вероятность": "0.999",
        "Данные": [
            "12.1",
            "20.5",
            "7.4",
            "19.0",
            "10.9",
            "11.4",
            "3.3",
            "17.6",
            "16.7",
            "7.1",
            "8.0",
            "20.4",
            "1.3",
            "14.3",
            "22.7",
            "10.1"
        ]
    },
    {
        "Вариант": 25,
        "Доверительная вероятность": "0.95",
        "Данные": [
            "21.4",
            "21.4",
            "19.5",
            "18.9",
            "18.8",
            "15.6",
            "26.7",
            "24.0",
            "26.0",
            "17.7",
            "2.9",
            "29.4",
            "2.6",
            "17.0",
            "18.7"
        ]
    },
    {
        "Вариант": 26,
        "Доверительная вероятность": "0.95",
        "Данные": [
            "12.3",
            "8.2",
            "8.0",
            "21.3",
            "13.9",
            "15.3",
            "23.1",
            "14.4",
            "18.3",
            "19.0",
            "26.5",
            "15.0",
            "21.4",
            "24.7",
            "20.2",
            "23.0",
            "11.5",
            "23.5"
        ]
    },
    {
        "Вариант": 27,
        "Доверительная вероятность": "0.99",
        "Данные": [
            "15.3",
            "11.3",
            "11.7",
            "13.4",
            "11.9",
            "17.7",
            "6.1",
            "10.7",
            "12.2",
            "11.7",
            "10.4",
            "7.6",
            "12.4",
            "19.3",
            "12.1",
            "16.7",
            "13.9",
            "16.6"
        ]
    },
    {
        "Вариант": 28,
        "Доверительная вероятность": "0.999",
        "Данные": [
            "11.5",
            "17.2",
            "9.4",
            "11.3",
            "7.3",
            "11.6",
            "12.0",
            "6.7",
            "14.8",
            "18.8",
            "11.0",
            "17.9",
            "9.7",
            "11.1",
            "20.6",
            "6.1",
            "19.5"
        ]
    },
    {
        "Вариант": 29,
        "Доверительная вероятность": "0.95",
        "Данные": [
            "26.0",
            "24.2",
            "23.4",
            "23.0",
            "30.8",
            "28.7",
            "34.2",
            "29.6",
            "24.4",
            "28.5",
            "27.3",
            "33.8",
            "24.4",
            "39.9",
            "30.7",
            "32.2"
        ]
    },
    {
        "Вариант": 30,
        "Доверительная вероятность": "0.95",
        "Данные": [
            "21.0",
            "15.7",
            "29.7",
            "11.2",
            "14.7",
            "13.2",
            "18.2",
            "23.0",
            "16.1",
            "13.4",
            "20.5",
            "11.2",
            "18.2",
            "15.0",
            "23.8",
            "14.8"
        ]
    },
    {
        "Вариант": 31,
        "Доверительная вероятность": "0.95",
        "Данные": [
            "18.3",
            "15.5",
            "24.5",
            "24.7",
            "18.0",
            "13.3",
            "15.4",
            "10.1",
            "23.1",
            "19.3",
            "5.7",
            "11.6",
            "14.3",
            "-4.5",
            "20.3",
            "32.3"
        ]
    },
    {
        "Вариант": 32,
        "Доверительная вероятность": "0.999",
        "Данные": [
            "8.0",
            "-1.1",
            "13.5",
            "10.0",
            "2.4",
            "4.1",
            "20.0",
            "12.4",
            "13.4",
            "4.8",
            "7.8",
            "0.0",
            "10.9",
            "13.7",
            "6.6"
        ]
    },
    {
        "Вариант": 33,
        "Доверительная вероятность": "0.95",
        "Данные": [
            "31.6",
            "34.9",
            "46.9",
            "42.8",
            "36.0",
            "26.2",
            "28.6",
            "48.5",
            "27.7",
            "45.8",
            "32.0",
            "41.2",
            "39.8",
            "33.1",
            "36.3",
            "53.5",
            "43.9",
            "35.8",
            "32.9",
            "34.4"
        ]
    },
    {
        "Вариант": 34,
        "Доверительная вероятность": "0.999",
        "Данные": [
            "25.4",
            "31.1",
            "13.2",
            "23.0",
            "19.1",
            "26.5",
            "23.2",
            "29.2",
            "24.8",
            "26.6",
            "29.3",
            "21.4",
            "28.2",
            "38.2",
            "19.9",
            "30.6",
            "24.5",
            "23.2"
        ]
    },
    {
        "Вариант": 35,
        "Доверительная вероятность": "0.95",
        "Данные": [
            "10.5",
            "5.5",
            "12.6",
            "27.0",
            "25.0",
            "31.2",
            "15.9",
            "15.3",
            "17.4",
            "32.8",
            "30.3",
            "9.5",
            "17.7",
            "16.4",
            "15.9"
        ]
    },
    {
        "Вариант": 36,
        "Доверительная вероятность": "0.999",
        "Данные": [
            "13.5",
            "10.7",
            "25.2",
            "10.8",
            "21.6",
            "0.8",
            "1.4",
            "17.1",
            "0.6",
            "12.0",
            "-4.5",
            "2.2",
            "11.0",
            "22.9",
            "4.7",
            "9.5"
        ]
    },
    {
        "Вариант": 37,
        "Доверительная вероятность": "0.999",
        "Данные": [
            "9.4",
            "21.2",
            "9.3",
            "9.7",
            "14.4",
            "5.8",
            "18.7",
            "8.2",
            "13.4",
            "6.5",
            "17.2",
            "5.9",
            "2.2",
            "5.0",
            "3.3",
            "15.6"
        ]
    },
    {
        "Вариант": 38,
        "Доверительная вероятность": "0.99",
        "Данные": [
            "18.6",
            "30.6",
            "29.4",
            "32.1",
            "23.1",
            "32.5",
            "32.9",
            "27.7",
            "32.5",
            "38.4",
            "27.9",
            "19.6",
            "27.5",
            "31.9",
            "42.9",
            "32.9",
            "33.6",
            "25.8",
            "39.9",
            "48.9"
        ]
    },
    {
        "Вариант": 39,
        "Доверительная вероятность": "0.99",
        "Данные": [
            "33.4",
            "34.7",
            "39.3",
            "30.9",
            "25.9",
            "40.2",
            "32.7",
            "44.1",
            "36.1",
            "41.7",
            "37.0",
            "28.6",
            "44.4",
            "33.2",
            "41.7",
            "35.3",
            "41.5",
            "43.6"
        ]
    },
    {
        "Вариант": 40,
        "Доверительная вероятность": "0.99",
        "Данные": [
            "24.0",
            "13.4",
            "22.4",
            "-1.2",
            "19.3",
            "1.3",
            "22.7",
            "16.7",
            "10.9",
            "28.1",
            "23.3",
            "28.5",
            "22.6",
            "3.4",
            "2.4"
        ]
    },
    {
        "Вариант": 41,
        "Доверительная вероятность": "0.99",
        "Данные": [
            "22.2",
            "35.1",
            "26.0",
            "26.3",
            "26.7",
            "33.4",
            "31.5",
            "26.5",
            "30.1",
            "35.5",
            "28.4",
            "16.9",
            "28.3",
            "29.1",
            "37.9",
            "16.9",
            "36.6",
            "29.7",
            "30.9"
        ]
    },
    {
        "Вариант": 42,
        "Доверительная вероятность": "0.95",
        "Данные": [
            "37.8",
            "40.8",
            "18.6",
            "32.3",
            "44.6",
            "49.0",
            "42.5",
            "43.3",
            "40.2",
            "35.1",
            "39.8",
            "43.3",
            "45.7",
            "46.2",
            "41.6"
        ]
    },
    {
        "Вариант": 43,
        "Доверительная вероятность": "0.95",
        "Данные": [
            "33.8",
            "31.4",
            "18.4",
            "32.8",
            "22.7",
            "16.6",
            "39.1",
            "34.5",
            "34.3",
            "37.7",
            "34.0",
            "29.3",
            "30.9",
            "26.0",
            "6.5",
            "33.7",
            "29.7"
        ]
    },
    {
        "Вариант": 44,
        "Доверительная вероятность": "0.999",
        "Данные": [
            "24.4",
            "12.8",
            "35.2",
            "11.0",
            "17.5",
            "17.2",
            "23.1",
            "16.3",
            "13.6",
            "18.3",
            "10.4",
            "11.5",
            "28.4",
            "6.0",
            "-0.1",
            "19.2"
        ]
    },
    {
        "Вариант": 45,
        "Доверительная вероятность": "0.99",
        "Данные": [
            "36.9",
            "31.1",
            "18.4",
            "40.7",
            "29.5",
            "44.7",
            "48.7",
            "26.5",
            "19.4",
            "40.5",
            "33.6",
            "34.1",
            "44.6",
            "29.5",
            "43.5",
            "43.5",
            "24.8",
            "38.0"
        ]
    },
    {
        "Вариант": 46,
        "Доверительная вероятность": "0.999",
        "Данные": [
            "9.4",
            "12.6",
            "12.3",
            "1.7",
            "6.3",
            "10.2",
            "9.2",
            "3.0",
            "20.3",
            "21.1",
            "17.1",
            "7.3",
            "9.3",
            "5.9",
            "8.0"
        ]
    },
    {
        "Вариант": 47,
        "Доверительная вероятность": "0.99",
        "Данные": [
            "18.1",
            "30.8",
            "22.0",
            "8.6",
            "19.9",
            "20.6",
            "27.0",
            "20.5",
            "23.1",
            "22.7",
            "0.5",
            "30.8",
            "2.1",
            "18.0",
            "20.7",
            "28.5",
            "11.4",
            "4.2",
            "22.2",
            "8.6"
        ]
    },
    {
        "Вариант": 48,
        "Доверительная вероятность": "0.95",
        "Данные": [
            "31.1",
            "32.5",
            "45.1",
            "22.6",
            "34.3",
            "25.8",
            "37.9",
            "49.8",
            "48.7",
            "42.8",
            "37.4",
            "32.3",
            "32.6",
            "37.4",
            "33.2",
            "42.7",
            "36.3",
            "47.6"
        ]
    },
    {
        "Вариант": 49,
        "Доверительная вероятность": "0.99",
        "Данные": [
            "15.5",
            "19.9",
            "12.9",
            "18.3",
            "9.3",
            "11.9",
            "13.5",
            "10.3",
            "14.8",
            "15.9",
            "22.2",
            "15.1",
            "22.5",
            "17.0",
            "18.8",
            "5.5",
            "6.4",
            "17.0"
        ]
    },
    {
        "Вариант": 50,
        "Доверительная вероятность": "0.95",
        "Данные": [
            "32.9",
            "44.1",
            "35.6",
            "29.7",
            "35.5",
            "28.6",
            "43.6",
            "35.3",
            "24.2",
            "26.9",
            "37.4",
            "42.9",
            "32.0",
            "35.8",
            "38.6",
            "43.8",
            "28.5"
        ]
    },
    {
        "Вариант": 51,
        "Доверительная вероятность": "0.99",
        "Данные": [
            "28.0",
            "27.4",
            "24.7",
            "25.5",
            "24.2",
            "31.0",
            "21.1",
            "30.1",
            "19.7",
            "23.9",
            "22.2",
            "20.7",
            "31.9",
            "27.6",
            "21.6"
        ]
    },
    {
        "Вариант": 52,
        "Доверительная вероятность": "0.999",
        "Данные": [
            "7.8",
            "24.2",
            "15.5",
            "18.9",
            "23.3",
            "10.3",
            "17.9",
            "13.1",
            "8.7",
            "25.8",
            "8.9",
            "16.4",
            "10.1",
            "9.6",
            "21.4"
        ]
    },
    {
        "Вариант": 53,
        "Доверительная вероятность": "0.999",
        "Данные": [
            "35.5",
            "38.4",
            "35.4",
            "31.4",
            "29.3",
            "38.3",
            "27.9",
            "35.6",
            "35.6",
            "36.7",
            "31.4",
            "34.7",
            "34.9",
            "27.7",
            "25.6",
            "32.5",
            "31.7",
            "31.8"
        ]
    },
    {
        "Вариант": 54,
        "Доверительная вероятность": "0.999",
        "Данные": [
            "12.1",
            "20.5",
            "7.4",
            "19.0",
            "10.9",
            "11.4",
            "3.3",
            "17.6",
            "16.7",
            "7.1",
            "8.0",
            "20.4",
            "1.3",
            "14.3",
            "22.7",
            "10.1"
        ]
    },
    {
        "Вариант": 55,
        "Доверительная вероятность": "0.95",
        "Данные": [
            "21.4",
            "21.4",
            "19.5",
            "18.9",
            "18.8",
            "15.6",
            "26.7",
            "24.0",
            "26.0",
            "17.7",
            "2.9",
            "29.4",
            "2.6",
            "17.0",
            "18.7"
        ]
    },
    {
        "Вариант": 56,
        "Доверительная вероятность": "0.95",
        "Данные": [
            "12.3",
            "8.2",
            "8.0",
            "21.3",
            "13.9",
            "15.3",
            "23.1",
            "14.4",
            "18.3",
            "19.0",
            "26.5",
            "15.0",
            "21.4",
            "24.7",
            "20.2",
            "23.0",
            "11.5",
            "23.5"
        ]
    },
    {
        "Вариант": 57,
        "Доверительная вероятность": "0.99",
        "Данные": [
            "15.3",
            "11.3",
            "11.7",
            "13.4",
            "11.9",
            "17.7",
            "6.1",
            "10.7",
            "12.2",
            "11.7",
            "10.4",
            "7.6",
            "12.4",
            "19.3",
            "12.1",
            "16.7",
            "13.9",
            "16.6"
        ]
    },
    {
        "Вариант": 58,
        "Доверительная вероятность": "0.999",
        "Данные": [
            "11.5",
            "17.2",
            "9.4",
            "11.3",
            "7.3",
            "11.6",
            "12.0",
            "6.7",
            "14.8",
            "18.8",
            "11.0",
            "17.9",
            "9.7",
            "11.1",
            "20.6",
            "6.1",
            "19.5"
        ]
    },
    {
        "Вариант": 59,
        "Доверительная вероятность": "0.95",
        "Данные": [
            "26.0",
            "24.2",
            "23.4",
            "23.0",
            "30.8",
            "28.7",
            "34.2",
            "29.6",
            "24.4",
            "28.5",
            "27.3",
            "33.8",
            "24.4",
            "39.9",
            "30.7",
            "32.2"
        ]
    },
    {
        "Вариант": 60,
        "Доверительная вероятность": "0.95",
        "Данные": [
            "21.0",
            "15.7",
            "29.7",
            "11.2",
            "14.7",
            "13.2",
            "18.2",
            "23.0",
            "16.1",
            "13.4",
            "20.5",
            "11.2",
            "18.2",
            "15.0",
            "23.8",
            "14.8"
        ]
    },
    {
        "Вариант": 61,
        "Доверительная вероятность": "0.99",
        "Данные": [
            "28.0",
            "27.4",
            "24.7",
            "25.5",
            "24.2",
            "31.0",
            "21.1",
            "30.1",
            "19.7",
            "23.9",
            "22.2",
            "20.7",
            "31.9",
            "27.6",
            "21.6"
        ]
    },
    {
        "Вариант": 62,
        "Доверительная вероятность": "0.999",
        "Данные": [
            "7.8",
            "24.2",
            "15.5",
            "18.9",
            "23.3",
            "10.3",
            "17.9",
            "13.1",
            "8.7",
            "25.8",
            "8.9",
            "16.4",
            "10.1",
            "9.6",
            "21.4"
        ]
    },
    {
        "Вариант": 63,
        "Доверительная вероятность": "0.999",
        "Данные": [
            "35.5",
            "38.4",
            "35.4",
            "31.4",
            "29.3",
            "38.3",
            "27.9",
            "35.6",
            "35.6",
            "36.7",
            "31.4",
            "34.7",
            "34.9",
            "27.7",
            "25.6",
            "32.5",
            "31.7",
            "31.8"
        ]
    },
    {
        "Вариант": 64,
        "Доверительная вероятность": "0.999",
        "Данные": [
            "12.1",
            "20.5",
            "7.4",
            "19.0",
            "10.9",
            "11.4",
            "3.3",
            "17.6",
            "16.7",
            "7.1",
            "8.0",
            "20.4",
            "1.3",
            "14.3",
            "22.7",
            "10.1"
        ]
    },
    {
        "Вариант": 65,
        "Доверительная вероятность": "0.95",
        "Данные": [
            "21.4",
            "21.4",
            "19.5",
            "18.9",
            "18.8",
            "15.6",
            "26.7",
            "24.0",
            "26.0",
            "17.7",
            "2.9",
            "29.4",
            "2.6",
            "17.0",
            "18.7"
        ]
    },
    {
        "Вариант": 66,
        "Доверительная вероятность": "0.95",
        "Данные": [
            "12.3",
            "8.2",
            "8.0",
            "21.3",
            "13.9",
            "15.3",
            "23.1",
            "14.4",
            "18.3",
            "19.0",
            "26.5",
            "15.0",
            "21.4",
            "24.7",
            "20.2",
            "23.0",
            "11.5",
            "23.5"
        ]
    },
    {
        "Вариант": 67,
        "Доверительная вероятность": "0.99",
        "Данные": [
            "15.3",
            "11.3",
            "11.7",
            "13.4",
            "11.9",
            "17.7",
            "6.1",
            "10.7",
            "12.2",
            "11.7",
            "10.4",
            "7.6",
            "12.4",
            "19.3",
            "12.1",
            "16.7",
            "13.9",
            "16.6"
        ]
    },
    {
        "Вариант": 68,
        "Доверительная вероятность": "0.999",
        "Данные": [
            "11.5",
            "17.2",
            "9.4",
            "11.3",
            "7.3",
            "11.6",
            "12.0",
            "6.7",
            "14.8",
            "18.8",
            "11.0",
            "17.9",
            "9.7",
            "11.1",
            "20.6",
            "6.1",
            "19.5"
        ]
    },
    {
        "Вариант": 69,
        "Доверительная вероятность": "0.95",
        "Данные": [
            "26.0",
            "24.2",
            "23.4",
            "23.0",
            "30.8",
            "28.7",
            "34.2",
            "29.6",
            "24.4",
            "28.5",
            "27.3",
            "33.8",
            "24.4",
            "39.9",
            "30.7",
            "32.2"
        ]
    },
    {
        "Вариант": 70,
        "Доверительная вероятность": "0.95",
        "Данные": [
            "21.0",
            "15.7",
            "29.7",
            "11.2",
            "14.7",
            "13.2",
            "18.2",
            "23.0",
            "16.1",
            "13.4",
            "20.5",
            "11.2",
            "18.2",
            "15.0",
            "23.8",
            "14.8"
        ]
    }
]