[
    {
        "Вариант": 1,
        "Описание к данным": "Данные о получении прибыли рядом акционерных обществ района за год (млн руб.)",
        "Данные": [
            320,
            288,
            306,
            300,
            250,
            260,
            270,
            250,
            300,
            305,
            320,
            250,
            300,
            270,
            255
        ]
    },
    {
        "Вариант": 2,
        "Описание к данным": "Данные о среднем размере вклада в ряде сбербанков города (тыс. руб.)",
        "Данные": [
            20,
            16,
            10,
            12.5,
            20,
            20,
            9,
            8.5,
            7,
            7.6,
            7,
            7,
            10,
            9,
            9,
            9,
            8,
            8.5,
            10,
            16
        ]
    },
    {
        "Вариант": 3,
        "Описание к данным": "Данные о валовом сборе овощей в ряде районов города (тыс. ц)",
        "Данные": [
            830,
            864,
            900,
            850,
            890,
            878,
            830,
            835,
            850,
            860,
            900,
            840,
            835,
            890,
            860
        ]
    },
    {
        "Вариант": 4,
        "Описание к данным": "Данные о стаже рабочих цеха",
        "Данные": [
            6,
            6,
            1,
            10,
            11,
            2,
            2,
            5,
            8,
            8,
            12,
            9,
            2,
            10,
            7,
            7,
            6,
            7,
            2,
            3
        ]
    },
    {
        "Вариант": 5,
        "Описание к данным": "Данные об объеме выпускаемой продукции ряда предприятий города (млн руб.)",
        "Данные": [
            63.5,
            69.8,
            64.7,
            70.8,
            77.5,
            82.1,
            86.1,
            83.3,
            85.9,
            69.8,
            69.8,
            70.8,
            82.1,
            86.1,
            75.3
        ]
    },
    {
        "Вариант": 6,
        "Описание к данным": "Данные о количестве произведенной продукции рабочими цеха за смену (в шт.)",
        "Данные": [
            16,
            22,
            15,
            25,
            15,
            19,
            16,
            17,
            18,
            13,
            16,
            19,
            14,
            16,
            11,
            15,
            12,
            22,
            14,
            10
        ]
    },
    {
        "Вариант": 7,
        "Описание к данным": "Данные о среднем сроке службы деталей некоторых отобранных механизмов (в мес.)",
        "Данные": [
            7,
            8.2,
            8.6,
            7,
            7.5,
            8,
            8.1,
            8.8,
            7.2,
            7.2,
            6.1,
            6,
            6,
            10,
            8.2
        ]
    },
    {
        "Вариант": 8,
        "Описание к данным": "Данные о выплавке чугуна за отчетный период на заводе (тыс. т)",
        "Данные": [
            5.6,
            5.2,
            5.3,
            5.5,
            5.1,
            5.5,
            5.3,
            5.6,
            5.1,
            5.6,
            5.4,
            5.8,
            5.3,
            5.8
        ]
    },
    {
        "Вариант": 9,
        "Описание к данным": "Данные о производстве часов по годам (млн шт.)",
        "Данные": [
            20,
            21,
            25,
            30,
            27,
            20,
            20,
            30,
            33,
            22,
            23,
            35,
            33,
            32,
            32
        ]
    },
    {
        "Вариант": 10,
        "Описание к данным": "Данные об уровне энерговооруженности труда (кВт)",
        "Данные": [
            0,
            52,
            50,
            52,
            52,
            50,
            60,
            60,
            63,
            60,
            50,
            55,
            55,
            54
        ]
    },
    {
        "Вариант": 11,
        "Описание к данным": "Имеются следующие данные о себестоимости одной единицы продукции (тыс. руб.)",
        "Данные": [
            13,
            13,
            12,
            11,
            12,
            12,
            10,
            9,
            9,
            8,
            10,
            10,
            8,
            12,
            9
        ]
    },
    {
        "Вариант": 12,
        "Описание к данным": "Данные по заводам за отчетный период о среднегодовой стоимости основных промышленно-производственных фондов (млн руб.)",
        "Данные": [
            100,
            130,
            150,
            140,
            100,
            100,
            110,
            100,
            120,
            110,
            120,
            100,
            160,
            160
        ]
    },
    {
        "Вариант": 13,
        "Описание к данным": "Данные по заводам за отчетный период о фактическом выпуске продукции (млн руб.)",
        "Данные": [
            140,
            140,
            150,
            180,
            200,
            170,
            130,
            170,
            150,
            150,
            120,
            110,
            120,
            100,
            150
        ]
    },
    {
        "Вариант": 14,
        "Описание к данным": "Данные по группе предприятий об основных производственных фондах (млн руб.)",
        "Данные": [
            3,
            4,
            5,
            8,
            5,
            10,
            7,
            6,
            5,
            4,
            5,
            10,
            6,
            11,
            6
        ]
    },
    {
        "Вариант": 15,
        "Описание к данным": "Данные по группе предприятий о валовой продукции (млн руб.)",
        "Данные": [
            3,
            5,
            10,
            6,
            6,
            4,
            7,
            7,
            8,
            8,
            3,
            5,
            10,
            6,
            6
        ]
    },
    {
        "Вариант": 16,
        "Описание к данным": "Данные о росте производительности труда предприятия (прирост в процентах)",
        "Данные": [
            5,
            4,
            4,
            4,
            7,
            8,
            6,
            3,
            5,
            8,
            9,
            5,
            4,
            3,
            7
        ]
    },
    {
        "Вариант": 17,
        "Описание к данным": "Данные о росте фондовооруженности предприятия (прирост в процентах)",
        "Данные": [
            5,
            7,
            9,
            10,
            8,
            6,
            4,
            7,
            5,
            7,
            9,
            5,
            5,
            7,
            6
        ]
    },
    {
        "Вариант": 18,
        "Описание к данным": "Данные по предприятиям о выпуске готовой продукции на одного рабочего (тыс. руб.)",
        "Данные": [
            3,
            6,
            4,
            6,
            4,
            8,
            6,
            6,
            8,
            5,
            5,
            7,
            8,
            10,
            8
        ]
    },
    {
        "Вариант": 19,
        "Описание к данным": "Данные по предприятиям об электровооруженности труда на одного работающего (кВт/ч)",
        "Данные": [
            2,
            4,
            3,
            7,
            2,
            6,
            4,
            2,
            8,
            4,
            6,
            7,
            7,
            8,
            8
        ]
    },
    {
        "Вариант": 20,
        "Описание к данным": "Данные о продаже товаров по ряду товарных групп за год (млн руб.)",
        "Данные": [
            3.8,
            2.4,
            2.7,
            2.6,
            2.6,
            2.5,
            2.5,
            2.3,
            2.2,
            2.3,
            2.5,
            2.6,
            2.2,
            2.0,
            2.1
        ]
    },
    {
        "Вариант": 21,
        "Описание к данным": "Данные о тарифных разрядах рабочих на предприятии",
        "Данные": [
            3,
            3,
            3,
            3,
            3,
            4,
            4,
            4,
            6,
            6,
            6,
            5,
            5,
            6,
            4
        ]
    },
    {
        "Вариант": 22,
        "Описание к данным": "Данные об основных производственных фондах ряда заводов (млрд руб.)",
        "Данные": [
            3.4,
            3.4,
            9.0,
            7.8,
            5.0,
            4.0,
            6.4,
            3.4,
            4.0,
            9.4,
            3.4,
            9.4,
            9.0,
            7.8,
            10.6,
            3.4,
            4.0
        ]
    },
    {
        "Вариант": 23,
        "Описание к данным": "Данные по группе предприятий о фактическом выпуске продукции (млрд руб.)",
        "Данные": [
            4.4,
            5.0,
            3.6,
            5.0,
            4.6,
            6.4,
            3.0,
            6.4,
            8.6,
            4.6,
            6.8,
            7.2,
            7.8,
            3.0,
            3.8,
            4.4
        ]
    },
    {
        "Вариант": 24,
        "Описание к данным": "Данные о количестве операций, выполняемых при обработке детали",
        "Данные": [
            6,
            3,
            3,
            4,
            5,
            5,
            6,
            8,
            11,
            12,
            14,
            20,
            11,
            8,
            8
        ]
    },
    {
        "Вариант": 25,
        "Описание к данным": "Данные о количестве деталей в партии, обработанных рабочими производственного участка",
        "Данные": [
            12,
            3,
            3,
            4,
            4,
            4,
            12,
            8,
            12,
            12,
            4,
            16,
            12,
            4,
            5,
            7
        ]
    },
    {
        "Вариант": 26,
        "Описание к данным": "Данные о времени, затраченном на обработку одной партии (ч)",
        "Данные": [
            3.86,
            1.9,
            1.9,
            4.4,
            4.7,
            5.9,
            5.38,
            4.4,
            3.75,
            4.14,
            3.86,
            4.4,
            4.7,
            5.9
        ]
    },
    {
        "Вариант": 27,
        "Описание к данным": "Данные по ряду заводов отрасли за отчетный период по производству продукции (тыс. т)",
        "Данные": [
            4.1,
            11.6,
            6.0,
            2.1,
            4.6,
            9.0,
            1.7,
            11.5,
            10.6,
            8.5,
            1.6,
            4,
            6.0,
            4.6,
            1.7
        ]
    },
    {
        "Вариант": 28,
        "Описание к данным": "Показатели за отчетный период по общей сумме затрат (млн руб.)",
        "Данные": [
            40,
            87,
            51,
            20,
            20,
            70,
            82,
            86,
            86,
            86,
            26,
            81,
            40,
            29,
            29
        ]
    },
    {
        "Вариант": 29,
        "Описание к данным": "Показатели по ряду заводов отрасли за отчетный период по себестоимости единицы продукции (руб.)",
        "Данные": [
            8240,
            8958,
            9230,
            7818,
            8333,
            8500,
            8647,
            8285,
            9032,
            7959,
            8240,
            9230,
            8333
        ]
    },
    {
        "Вариант": 30,
        "Описание к данным": "Данные по ряду акционерных обществ по издержкам производства (млн руб.)",
        "Данные": [
            200,
            480,
            200,
            250,
            370,
            370,
            250,
            200,
            480,
            200,
            200,
            200,
            350,
            400,
            130
        ]
    },
    {
        "Вариант": 31,
        "Описание к данным": "Данные о получении прибыли рядом акционерных обществ района за год (млн руб.)",
        "Данные": [
            320,
            288,
            306,
            300,
            250,
            260,
            270,
            250,
            300,
            305,
            320,
            250,
            300,
            270,
            255
        ]
    },
    {
        "Вариант": 32,
        "Описание к данным": "Данные о среднем размере вклада в ряде сбербанков города (тыс.руб.)",
        "Данные": [
            20,
            16,
            10,
            12.5,
            20,
            20,
            9,
            8.5,
            7,
            7.6,
            7,
            7,
            10,
            9,
            9,
            9,
            8,
            8.5,
            10,
            16
        ]
    },
    {
        "Вариант": 33,
        "Описание к данным": "Данные о валовом сборе овощей в ряде районов города (тыс. ц)",
        "Данные": [
            830,
            864,
            900,
            850,
            890,
            878,
            830,
            835,
            850,
            860,
            900,
            840,
            835,
            890,
            860
        ]
    },
    {
        "Вариант": 34,
        "Описание к данным": "Данные о стаже рабочих цеха",
        "Данные": [
            6,
            6,
            1,
            10,
            11,
            2,
            2,
            5,
            8,
            8,
            12,
            9,
            2,
            10,
            7,
            7,
            6,
            7,
            2,
            3
        ]
    },
    {
        "Вариант": 35,
        "Описание к данным": "Данные об объеме выпускаемой продукции ряда предприятий города (млн руб.)",
        "Данные": [
            63.5,
            69.8,
            64.7,
            70.8,
            77.5,
            82.1,
            86.1,
            83.3,
            85.9,
            69.8,
            69.8,
            70.8,
            82.1,
            86.1,
            75.3
        ]
    },
    {
        "Вариант": 36,
        "Описание к данным": "Данные о количестве произведенной продукции рабочими цеха за смену (в шт.)",
        "Данные": [
            16,
            22,
            15,
            25,
            15,
            19,
            16,
            17,
            18,
            13,
            16,
            19,
            14,
            16,
            11,
            15,
            12,
            22,
            14,
            10
        ]
    },
    {
        "Вариант": 37,
        "Описание к данным": "Данные о среднем сроке службы деталей некоторых отобранных механизмов (в мес.)",
        "Данные": [
            7,
            8.2,
            8.6,
            7,
            7.5,
            8,
            8.1,
            8.8,
            7.2,
            7.2,
            6.1,
            6,
            6,
            10,
            8.2
        ]
    },
    {
        "Вариант": 38,
        "Описание к данным": "Данные о выплавке чугуна за отчетный период на заводе (тыс. т) 5,6;",
        "Данные": [
            5.2,
            5.3,
            5.5,
            5.1,
            5.5,
            5.3,
            5.6,
            5.1,
            5.6,
            5.4,
            5.8,
            5.3,
            5.8
        ]
    },
    {
        "Вариант": 39,
        "Описание к данным": "Данные о производстве часов по годам (млн шт.)",
        "Данные": [
            20,
            21,
            25,
            30,
            27,
            20,
            20,
            30,
            33,
            22,
            23,
            35,
            33,
            32,
            32
        ]
    },
    {
        "Вариант": 40,
        "Описание к данным": "Данные об уровне энерговооруженности труда (кВт)",
        "Данные": [
            0,
            52,
            50,
            52,
            52,
            50,
            60,
            60,
            63,
            60,
            50,
            55,
            55,
            54
        ]
    },
    {
        "Вариант": 41,
        "Описание к данным": "Имеются следующие данные о себестоимости одной единицы продукции (тыс. руб.)",
        "Данные": [
            13,
            13,
            12,
            11,
            12,
            12,
            10,
            9,
            9,
            8,
            10,
            10,
            8,
            12,
            9
        ]
    },
    {
        "Вариант": 42,
        "Описание к данным": "Данные по заводам за отчетный период о среднегодовой стоимости основных промышленно-производственных фондов (млн руб.)",
        "Данные": [
            100,
            130,
            150,
            140,
            100,
            100,
            110,
            100,
            120,
            110,
            120,
            100,
            160,
            160
        ]
    },
    {
        "Вариант": 43,
        "Описание к данным": "Данные по заводам за отчетный период о фактическом выпуске продукции (млн руб.)",
        "Данные": [
            140,
            140,
            150,
            180,
            200,
            170,
            130,
            170,
            150,
            150,
            120,
            110,
            120,
            100,
            150
        ]
    },
    {
        "Вариант": 44,
        "Описание к данным": "Данные по группе предприятий об основных производственных фондах (млн руб.)",
        "Данные": [
            3,
            4,
            5,
            8,
            5,
            10,
            7,
            6,
            5,
            4,
            5,
            10,
            6,
            11,
            6
        ]
    },
    {
        "Вариант": 45,
        "Описание к данным": "Данные по группе предприятий о валовой продукции (млн руб.)",
        "Данные": [
            3,
            5,
            10,
            6,
            6,
            4,
            7,
            7,
            8,
            8,
            3,
            5,
            10,
            6,
            6
        ]
    },
    {
        "Вариант": 46,
        "Описание к данным": "Данные о росте производительности труда предприятия (прирост в процентах)",
        "Данные": [
            5,
            4,
            4,
            4,
            7,
            8,
            6,
            3,
            5,
            8,
            9,
            5,
            4,
            3,
            7
        ]
    },
    {
        "Вариант": 47,
        "Описание к данным": "Данные о росте фондовооруженности предприятия (прирост в процентах)",
        "Данные": [
            5,
            7,
            9,
            10,
            8,
            6,
            4,
            7,
            5,
            7,
            9,
            5,
            5,
            7,
            6
        ]
    },
    {
        "Вариант": 48,
        "Описание к данным": "Данные по предприятиям о выпуске готовой продукции на одного рабочего (тыс. руб.)",
        "Данные": [
            3,
            6,
            4,
            6,
            4,
            8,
            6,
            6,
            8,
            5,
            5,
            7,
            8,
            10,
            8
        ]
    },
    {
        "Вариант": 49,
        "Описание к данным": "Данные по предприятиям об электровооруженности труда на одного работающего (кВт/ч)",
        "Данные": [
            2,
            4,
            3,
            7,
            2,
            6,
            4,
            2,
            8,
            4,
            6,
            7,
            7,
            8,
            8
        ]
    },
    {
        "Вариант": 50,
        "Описание к данным": "Данные о продаже товаров по ряду товарных групп за год (млн руб.)",
        "Данные": [
            3.8,
            2.4,
            2.7,
            2.6,
            2.6,
            2.5,
            2.5,
            2.3,
            2.2,
            2.3,
            2.5,
            2.6,
            2.2,
            2.0,
            2.1
        ]
    },
    {
        "Вариант": 51,
        "Описание к данным": "Данные о тарифных разрядах рабочих на предприятии",
        "Данные": [
            3,
            3,
            3,
            3,
            3,
            4,
            4,
            4,
            6,
            6,
            6,
            5,
            5,
            6,
            4
        ]
    },
    {
        "Вариант": 52,
        "Описание к данным": "Данные об основных производственных фондах ряда заводов (млрд руб.)",
        "Данные": [
            3.4,
            3.4,
            9.0,
            7.8,
            5.0,
            4.0,
            6.4,
            3.4,
            4.0,
            9.4,
            3.4,
            9.4,
            9.0,
            7.8,
            10.6,
            3.4,
            4.0
        ]
    },
    {
        "Вариант": 53,
        "Описание к данным": "Данные по группе предприятий о фактическом выпуске продукции (млрд руб.)",
        "Данные": [
            4.4,
            5.0,
            3.6,
            5.0,
            4.6,
            6.4,
            3.0,
            6.4,
            8.6,
            4.6,
            6.8,
            7.2,
            7.8,
            3.0,
            3.8,
            4.4
        ]
    },
    {
        "Вариант": 54,
        "Описание к данным": "Данные о количестве операций, выполняемых при обработке детали",
        "Данные": [
            6,
            3,
            3,
            4,
            5,
            5,
            6,
            8,
            11,
            12,
            14,
            20,
            11,
            8,
            8
        ]
    },
    {
        "Вариант": 55,
        "Описание к данным": "Данные о количестве деталей в партии, обработанных рабочими производственного участка",
        "Данные": [
            12,
            3,
            3,
            4,
            4,
            4,
            12,
            8,
            12,
            12,
            4,
            16,
            12,
            4,
            5,
            7
        ]
    },
    {
        "Вариант": 56,
        "Описание к данным": "Данные о времени, затраченном на обработку одной партии (ч)",
        "Данные": [
            3.86,
            1.9,
            1.9,
            4.4,
            4.7,
            5.9,
            5.38,
            4.4,
            3.75,
            4.14,
            3.86,
            4.4,
            4.7,
            5.9
        ]
    },
    {
        "Вариант": 57,
        "Описание к данным": "Данные по ряду заводов отрасли за отчетный период по производству продукции (тыс. т)",
        "Данные": [
            4.1,
            11.6,
            6.0,
            2.1,
            4.6,
            9.0,
            1.7,
            11.5,
            10.6,
            8.5,
            1.6,
            4,
            6.0,
            4.6,
            1.7
        ]
    },
    {
        "Вариант": 58,
        "Описание к данным": "Показатели за отчетный период по общей сумме затрат (млн руб.)",
        "Данные": [
            40,
            87,
            51,
            20,
            20,
            70,
            82,
            86,
            86,
            86,
            26,
            81,
            40,
            29,
            29
        ]
    },
    {
        "Вариант": 59,
        "Описание к данным": "Показатели по ряду заводов отрасли за отчетный период по себестоимости единицы продукции (руб.)",
        "Данные": [
            8240,
            8958,
            9230,
            7818,
            8333,
            8500,
            8647,
            8285,
            9032,
            7959,
            8240,
            9230,
            8333
        ]
    },
    {
        "Вариант": 60,
        "Описание к данным": "Данные по ряду акционерных обществ по издержкам производства (млн руб.)",
        "Данные": [
            200,
            480,
            200,
            250,
            370,
            370,
            250,
            200,
            480,
            200,
            200,
            200,
            350,
            400,
            130
        ]
    },
    {
        "Вариант": 61,
        "Описание к данным": "Данные о тарифных разрядах рабочих на предприятии",
        "Данные": [
            3,
            3,
            3,
            3,
            3,
            4,
            4,
            4,
            6,
            6,
            6,
            5,
            5,
            6,
            4
        ]
    },
    {
        "Вариант": 62,
        "Описание к данным": "Данные об основных производственных фондах ряда заводов (млрд руб.)",
        "Данные": [
            3.4,
            3.4,
            9.0,
            7.8,
            5.0,
            4.0,
            6.4,
            3.4,
            4.0,
            9.4,
            3.4,
            9.4,
            9.0,
            7.8,
            10.6,
            3.4,
            4.0
        ]
    },
    {
        "Вариант": 63,
        "Описание к данным": "Данные по группе предприятий о фактическом выпуске продукции (млрд руб.)",
        "Данные": [
            4.4,
            5.0,
            3.6,
            5.0,
            4.6,
            6.4,
            3.0,
            6.4,
            8.6,
            4.6,
            6.8,
            7.2,
            7.8,
            3.0,
            3.8,
            4.4
        ]
    },
    {
        "Вариант": 64,
        "Описание к данным": "Данные о количестве операций, выполняемых при обработке детали",
        "Данные": [
            6,
            3,
            3,
            4,
            5,
            5,
            6,
            8,
            11,
            12,
            14,
            20,
            11,
            8,
            8
        ]
    },
    {
        "Вариант": 65,
        "Описание к данным": "Данные о количестве деталей в партии, обработанных рабочими производственного участка",
        "Данные": [
            12,
            3,
            3,
            4,
            4,
            4,
            12,
            9,
            12,
            12,
            4,
            16,
            12,
            4,
            5,
            7
        ]
    },
    {
        "Вариант": 66,
        "Описание к данным": "Данные о времени, затраченном на обработку одной партии (ч)",
        "Данные": [
            3.86,
            1.9,
            1.9,
            4.4,
            4.7,
            5.8,
            5.38,
            4.3,
            3.75,
            4.14,
            3.86,
            4.4,
            4.7,
            5.9
        ]
    },
    {
        "Вариант": 67,
        "Описание к данным": "Данные по ряду заводов отрасли за отчетный период по производству продукции (тыс. т)",
        "Данные": [
            4.1,
            11.6,
            6.0,
            2.1,
            4.6,
            9.0,
            1.7,
            11.5,
            10.6,
            8.3,
            1.6,
            4,
            6.0,
            4.6,
            1.7
        ]
    },
    {
        "Вариант": 68,
        "Описание к данным": "Показатели за отчетный период по общей сумме затрат (млн руб.)",
        "Данные": [
            40,
            87,
            51,
            20,
            20,
            70,
            82,
            85,
            86,
            86,
            26,
            81,
            40,
            29,
            29
        ]
    },
    {
        "Вариант": 69,
        "Описание к данным": "Показатели по ряду заводов отрасли за отчетный период по себестоимости единицы продукции (руб.)",
        "Данные": [
            8240,
            8958,
            9230,
            7828,
            8333,
            8500,
            8647,
            8285,
            9032,
            7959,
            8250,
            9230,
            8333
        ]
    },
    {
        "Вариант": 70,
        "Описание к данным": "Данные по ряду акционерных обществ по издержкам производства (млн руб.)",
        "Данные": [
            200,
            480,
            200,
            250,
            370,
            370,
            250,
            200,
            480,
            200,
            200,
            200,
            350,
            400,
            130
        ]
    }
]